Title,Occurrences
SNL Digital Short,107
Deep Thoughts,80
A Film by Gary Weis,42
Backstage,40
Press Conference,37
Fun With Real Audio,31
Schiller's Reel,29
MacGruber,29
Presidential Address,25
Please Don't Destroy,23
The Mr. Bill Show,22
Hardball,21
Wayne's World,20
Next Week,19
Church Chat,19
Daily Affirmation,18
Disclaimer,17
The Pat Stevens Show,17
Audience,16
Dressing Room,16
Nightline,16
My Big Thick Novel,16
Pumping Up With Hans & Franz,15
Coffee Talk,15
Spade in America,15
Fuzzy Memories,15
The Delicious Dish,15
Jeopardy!,15
Family Feud,14
The View,14
Fox and Friends,14
Larry King Live,13
The Ladies' Man,13
Mango,13
The Ambiguously Gay Duo,12
The Lost Deep Thoughts,12
Brian Fellow's Safari Planet,12
Jarret's Room,12
Home Movie,11
What Up With That?,11
Locker Room,10
The Franken and Davis Show,10
Mister Robinson's Neighborhood,10
Season's Greetings,10
Sprockets,10
Last Call,10
Secret Word,10
The Land of Gorch,9
The Tonight Show,9
Master Thespian,9
Scared Straight,9
The Roxbury Guys,9
The X-Presidents,9
Audition,9
Morning Latte,9
Wake Up Wakefield!,9
The Falconer,9
Deep House Dish,9
Target,9
The Situation Room,9
Bronx Beat,9
Cinema Classics,9
Tomorrow,8
Rocket Report,8
Bar,8
Whiners,8
Donahue,8
The Dark Side,8
The Joe Pesci Show,8
Martha Stewart Living,8
Oprah,8
VH1,8
La Rivista Della Televisione,8
The Lawrence Welk Show,8
The Californians,8
Girlfriends Talk Show,8
A Film by Albert Brooks,7
Lovers,7
Looks At Books,7
White House,7
Elevator,7
"Toonces, The Cat Who Could Drive A Car",7
I'm Chillin',7
It's Pat,7
Perspectives,7
Today,7
Goth Talk,7
Pretty Living,7
Sparks,7
A Short film by Adam McKay,7
HBO First Look,7
The O'Reilly Factor,7
Access Hollywood,7
Live with Regis & Kelly,7
Appalachian Emergency Room,7
Debbie Downer,7
Bear City,7
Anderson Cooper 360,7
Song Memories,7
Whiskers R' We,7
H&L Brock,6
The Olympia Cafe,6
60 Minutes,6
I Married A Monkey,6
Texxon,6
Pudge & Solomon,6
The Limits Of The Imagination,6
The Continental,6
Grayson Moorhead Securities,6
Larry King's News & Views,6
Dog Show,6
Astronaut Jones,6
The Barry Gibb Talk Show,6
Prince Show,6
Surprise,6
Affectionate Family,6
The Miley Cyrus Show,6
WXPD News New York,6
Politics Nation,6
Black Jeopardy!,6
Black Perspective,5
Pong,5
Oval Office,5
Baba Wawa At Large,5
Interrogation,5
Thanksgiving Dinner,5
Friends,5
20/20,5
MTV News,5
Fernando's Hideaway,5
Discover,5
First Citiwide Change Bank,5
Simon,5
Bill Swerski's Super Fans,5
Career Day,5
Biography,5
The Golords,5
Judge Judy,5
Hello Dolly,5
NBC Special Report,5
Inside the Actors Studio,5
"Nick Burns, Your Company's Computer Guy",5
Meet The Press,5
Top O' The Morning,5
Z105,5
The Rialto Grande,5
American Idol,5
Mom Jeans,5
Vice Presidential Debate,5
Art Dealers,5
Blizzard Man,5
The Suze Orman Show,5
the Manuel Ortiz Show,5
Les Jeunes de Paris,5
The Essentials,5
Theater Showcase,5
A Mike O'Brien Picture,5
The Presidential Debate,5
Trial,4
Triple-Trac,4
Ambassador Training Institute,4
Polaroid,4
K-Put Price-Is-Rite Stamp Gun,4
Beethoven,4
Restaurant,4
Christmas Party,4
An Oval Office,4
Great Moments In Herstory,4
Mr. Mike's Least-Loved Bedtime Tales,4
The Coneheads At Home,4
Festrunk Brothers,4
Phone Call,4
What If?,4
The David Susskind Show,4
Woman To Woman,4
Bar Mitzvah,4
The Clams,4
A Few Minutes with Andy Rooney,4
Prose And Cons,4
The Khaddaffi Look,4
Hail To The Chief,4
Reach Out,4
Review,4
Special Report,4
Book Beat,4
The Joe Franklin Show,4
Job Interview,4
Pet Chicken Shop,4
Heaven,4
Beauty and the Beast,4
Attitudes,4
Lothar Of The Hill People,4
Cowboy Song,4
The Census,4
First Date,4
The McLaughlin Group,4
Sally,4
Copy Machine,4
Unfrozen Cave Man Lawyer,4
Theatre Stories,4
Delta Delta Delta,4
Green & Fazio,4
The Gap,4
The Real World,4
The NFL on Fox,4
The Simpson Trial,4
Leg Up,4
Recording Session,4
Drill Sergeant,4
"Hey, Remember The 80's",4
Janet Reno's Dance Party,4
Charlie Rose,4
"The How Do You Say? Ah Yes, Show",4
Behind The Music,4
Who Wants To Be A Millionaire,4
First Presidential Debate,4
Corn Chip Nail Tips,4
Second Presidential Debate,4
Vice Presidential Address,4
The Tony Bennett Show,4
Huggies Thong,4
Gaystrogen,4
Spy Glass,4
Merv The Perv,4
¡Show Biz Grande Explosion!,4
Sleepover,4
Morgan Stanley,4
Carol!,4
Six Year Old,4
Gilly,4
Inside The NBA,4
J-Pop America Fun Time Now!,4
Lincoln,4
Movie Set,4
Baby Boss,4
Action 9 News At Five,4
Morning Joe,4
The Science Room,4
The Ingraham Angle,4
What's Wrong With This Picture,4
New Dad,3
Jamitol,3
Show Us Your Guns,3
"""Still Crazy After All These Years""",3
Try-Hard 1-11,3
Next Show,3
Spud Beer,3
Line-Up,3
Mel's Char Palace,3
Home Movies,3
The Killer Bees,3
A President's View On Marijuana,3
"""Gloria""",3
Press Secretaries Through History,3
Slumber Party,3
Dyan's Dream,3
Blind Date,3
Debate '76,3
White Like Me,3
Consumer Probe,3
Romance,3
Royal Deluxe II,3
Swill,3
Anyone Can Host,3
X-Police,3
Little Chocolate Donuts,3
Hey You!,3
Rock Concert,3
Uncle Roy,3
St. Mickey's Knights of Columbus,3
The Widettes,3
The Twilight Zone,3
First Love,3
What's It All About,3
Clovin Hind Jeans,3
Saturday Night Newsline,3
Bedtime Story,3
The People's Court,3
Babies In Makeup,3
"""Trouble""",3
Focus On Film,3
Come On Out America,3
Voting So Far,3
The Web,3
Don't Hitch-Hike,3
Rubik's Grenade,3
Hotel,3
Killing Time,3
Kannon AE-1,3
Dion's,3
Entertainment Tonight,3
Unanswered Questions of the Universe,3
Would You Believe It?,3
Buddweiser Light,3
Where Are They Now?,3
Foldgers Crystals,3
Lifestyles of The Relatives of The Rich and Famous,3
Rich Hall's Election Report,3
First Draft Theater,3
Tippi Turtle,3
Strategic Airborne Contraceptive,3
Thanksgiving,3
Substitute Teacher,3
Affair,3
Sports Beat,3
Where You're Going,3
Trojans,3
Stand-Ups,3
"""Hold On""",3
Movie Theatre,3
Ticket Line,3
The NFL Today,3
Great Moments In The History Of White Trash,3
This Week with David Brinkley,3
Sweeney Sisters,3
Learning to Feel,3
Girl Watchers,3
Bush,3
Plug Away,3
Cooking with The Anal Retentive Chef,3
SNL Moment,3
Colon Blow,3
McDonald's,3
Jensen Syringe Company,3
Middle-Aged Man,3
Protest,3
Live With Regis & Kathie Lee,3
The Sound of Music,3
Schmitts Gay,3
The Chris Farley Show,3
"""Alive""",3
Tayster's Choice Spermicidal Jelly,3
Jiffy Express,3
Chameleon XLE,3
At Home With Monica,3
Office Space,3
Crystal Gravy,3
The Denise Show,3
National Anthem,3
Infiniti,3
Ricki Lake,3
Disney,3
Something Smells Good in Stinkville,3
Lexon Paradox,3
Poetry Class,3
A.M. Ale,3
Old Glory Insurance,3
Wedding Reception,3
Caribbean Essence Bath Oil,3
The Quiet Storm,3
Wedding Toast,3
Shopping at Home Network,3
Michael Jackson,3
The Late Show,3
"Space, The Infinite Frontier",3
Cookie Dough Sport,3
Issues,3
The Robin Byrd Show,3
Chess for Girls,3
Titanic,3
Family Dinner,3
Art Class,3
Gap,3
Mack North,3
Lotto,3
Doctor's Office,3
Uncle Jemima's Down Home Mash Liquor,3
a Glimpse of our Possible Future,3
TRL,3
Wedding,3
Wade Blasingame,3
Homocil,3
Jeffrey's,3
She's The Girl With No Gaydar!!!,3
America Undercover,3
Swiffer Sleepers,3
Corona,3
The Bachelor,3
Channel 5 Late Night Movie,3
Willy Wonka & the Chocolate Factory,3
Club Traxx,3
Vote Frida,3
Besos Y Lagrimas,3
Only Bangkok,3
Dr. Porkenheimer's Boner Juice,3
Town Hall Meeting,3
Woomba,3
cheapkids.net,3
An Important Moment In Black History,3
Gays in Space,3
The Needlers,3
Taco Town,3
Fire Alert 3000,3
Nelson's Baby Toupees,3
Deal Or No Deal,3
Nancy Grace,3
New York City Stories,3
McMillan Family Moment,3
Urigro,3
The Dakota Fanning Show,3
The Cougar Den,3
Death By Chocolate,3
Dateline,3
Chewable Pampers,3
The Rock Obama,3
Hollywood Dish,3
PGA Tour,3
On The Record,3
Bosley Hair Restoration,3
What's That Name?,3
Lil Poundcake,3
Lincoln Financial Group,3
Glenda Okones for mayor 2012,3
Piers Morgan Tonight,3
How's He Doing?,3
Steve Harvey,3
Shark Tank,3
Piers Morgan Live,3
Waking Up With Kimye,3
Inside SoCal,3
Right Side of the Bed,3
Baby Shower,3
Trump Rally,3
Melania Moments,3
Women's Round Table,3
The War In Words,3
Them Trumps,3
Democratic Debate,3
The Dionne Warwick Talk Show,3
Triopenin,2
Academy of Better Careers,2
The Berkeley Collection,2
"""Marie""",2
"""Sail Away""",2
Bees,2
Wheelchair,2
Felina Cat Food,2
Wrigley's,2
Middle American Van Lines,2
What Gilda Ate,2
Beauty Pageant,2
Minute Mystery,2
Speed,2
Don Pardo Digital Gift Catalogue,2
The Dead String Quartet,2
Gilda & Elliott,2
Germasol,2
Table Talk,2
Bisexual Minute,2
Muppets Spot,2
Super Bass-O-Matic '76,2
Lie Detector,2
Beatle Offer,2
Not For Ladies Only,2
Funeral,2
"""Daylight""",2
Talk Back,2
Card Game,2
Girl Talk,2
Jimmy Carter,2
The Phone Company,2
"""Sweet Baby James""",2
"""The Antler Dance""",2
Eric's Song,2
Reunion,2
Houdini's Grave,2
Puppy Uppers & Doggie Downers,2
The Marines,2
Crossroads,2
Quarry,2
"""50 Ways to Leave Your Lover""",2
"""Bridge Over Troubled Water""",2
Pilson's Feedbag Dinners,2
Interview,2
Apollo Ball,2
"""Sleepwalker""",2
How Your Children Grow,2
Bad Playhouse,2
Save Great Britain Telethon,2
Shower Mike,2
Return Of The Coneheads,2
Kromega III,2
Great Moments In Rock & Roll,2
"""The Pretender""",2
Angora Bouquet,2
"""I Can See Clearly Now""",2
Anyone Can Host Finalists,2
More Insects To Worry About,2
Mr. Mike's Coral Waters Cafe,2
"""Radio Radio""",2
"""Runaway""",2
Confession,2
Nerds Music Lesson,2
Danger Probe,2
Dancing in the Dark,2
Network Battle of the T's and A's,2
"""Satisfaction""",2
On The Spot,2
Elvis Presley's Coat,2
"""Soul Man""",2
Bedroom,2
Telepsychic,2
Miles Cowperthwaite,2
Barber Shop,2
The Navy,2
Craig's Traveler's Checks,2
"""Hallelujah""",2
The Bel Airabs,2
Nixon In New York,2
Video Will,2
London Remote,2
Thugs,2
SNL Sports,2
Cut 'n' Curl,2
Livelys,2
Mona Lisa,2
Diner,2
Newsbreak,2
Party,2
"""Party Up""",2
Wedding Day,2
Andy Warhol's TV,2
Exxico,2
The Bizarro World,2
Push Button To Explode Building,2
Cheap Laffs,2
Velvet Jones School Of Technology,2
Jogger Motel,2
Pumpkin,2
Men's Room,2
TransEastern,2
Predictions,2
The Uncle Tom Show,2
Who Do You Hate?,2
Songwriters,2
CBS Evening News,2
Speaking as a Woman,2
Fur: You deserve it!,2
Taxi,2
Video Victims,2
Late Night with David Letterman,2
The Interesting Four,2
"Thank you, Ron Reagan.",2
Viewer Letter,2
Vote For Andy,2
Ledge,2
Clysler-Prymouth,2
Fantasy,2
Sleepy Boy 2000,2
Holiday Inn,2
The Enquirer,2
Calvin Klein Cream Pies,2
Larry's Corner,2
Spanish Class,2
"""Tonight""",2
Fascinating People and Their Friends,2
"Hello, Trudy!",2
Countdown 84,2
Airport,2
El Dorko,2
Needleman,2
"""Magic""",2
"""Drive""",2
Synchronized Swimming,2
Negro Baseball,2
Refrigerator Magnet Safety Advisory Board,2
"""Right Now""",2
Walking After Midnight,2
Strictly From Blackwell,2
Ronald Reagan Jeans,2
Hospital,2
"""Lucky""",2
Critic,2
"Craig Sundberg, Idiot Savant",2
Say No To The Army,2
Die Foreigner Die!,2
Jail Cell,2
That Black Girl,2
The Further Adventures Of Biff And Salena,2
Actors On Film,2
"""Graceland""",2
General Dynamics,2
Baby It's Cold Outside,2
Instant Coffee,2
Old Hollywood,2
Helmsley Spook House,2
Pork,2
Two Sammies,2
Miss Connie's Fable Nook,2
Adobe,2
Parent-Teacher Conference,2
Jungle Room,2
A Holiday Wish,2
McSooshi,2
Movie Talk,2
The Honest Man,2
Mace,2
Hardware Store,2
Mother-in-Law,2
Iran-Contra Hearings,2
Teeny Café,2
Gary Hart,2
Compulsion,2
BeautyBath,2
Handi-Off,2
Airplane,2
Pirates,2
Mr. Short-Term Memory,2
Carbon Paper,2
Neuburg's Bleu Cheese Cooler,2
Big Red,2
Celebrity Restaurant,2
Game Breakers,2
Talk Radio,2
As World Turn,2
Sleepytime Rat Control,2
Group Therapy,2
Customs,2
Tales of Ribaldry,2
The Bob Waltman Special,2
1975-1980 Highlights,2
1980-1985 Highlights,2
Political Highlights,2
thirtysomething,2
Baby Talk,2
Yard-a-pult,2
Primetime Live,2
Ventriloquist,2
"""Angel""",2
"Lyle, The Effeminate Heterosexual",2
Christmas Message,2
Bad Idea Jeans,2
All Things Scottish,2
Dream,2
Winston-McCauley Funeral Home,2
Tax Ad,2
Chia Head,2
Doormen,2
Pat,2
The Global Warming Christmas Special,2
Ex-Boyfriend,2
Dr. Frankenstein,2
First Impression,2
Military Briefing,2
McIntosh Jr.,2
Opposites Attract,2
The Dancer,2
"Frank Gannon, P.I. P.I.",2
Last Show,2
Tales From The Barbecue,2
Lung Brush,2
Leevi's 3 Legged Jeans,2
"""Can't Let Go""",2
The Love Toilet,2
Dick Clark Productions,2
The Sensitive Naked Man,2
"""A Deeper Love""",2
Jiffy Pop Airbag,2
Action Cats,2
Canis,2
Tori,2
The Cluckin' Chicken,2
A Message from Michael Eisner,2
"""Fever""",2
"""Sweet Thing""",2
Sassy's Sassiest Boys,2
HiberNol,2
Cruise,2
"""In Your Eyes""",2
Nerf Crotch Bat,2
Motivational Speaker,2
Mmmph?,2
NCI,2
Out Of Africa,2
Karl's Video,2
Christopher Walken's Celebrity Psychic Friends Network,2
McIntosh Post-It Notes,2
Playground,2
"""Creep""",2
Ski Lift,2
Rob Schneider's Girlfriend Theater,2
Apology,2
Philadelphia Action Figures,2
Total Bastard Airlines,2
Majestic Caribbean Cruise Line,2
Double Date,2
Eych,2
HHT,2
Bathroom Monkey,2
Eterna Rest,2
Good Morning Brooklyn,2
Dr. Ira Resnick,2
Amazin' Laser,2
Scottish Soccer Hooligan Weekly,2
Baywatch,2
Black History Month,2
Taxicab Confessions,2
Zagat's,2
Road To The Final Four,2
Unsolved Mysteries,2
Ride Home,2
O.J. Today,2
Get Off The Shed!,2
Cockpit,2
Gangsta Bitch Barbie,2
"""Stay""",2
Front Porch,2
Marshall Power Tools,2
Book Reading,2
BugOff,2
"""Zero""",2
Air Force One,2
Inside Politics,2
The Rocky Roads,2
Three Wise Men,2
Basketball Game,2
Wedding Vows,2
The Kevin Franklin Show,2
Bus,2
Petchow,2
Acting Workshop,2
The Local News,2
Big Brawn,2
"""Walls""",2
Brief Histories,2
Air Traffic Control,2
Home Security Decoys,2
The Barbara Walters Special,2
Russell & Tate,2
The Gossip Show,2
Darnette Disposable Toilets,2
Hickory Farms,2
Nativity Scene,2
Star Wars 20th Anniversary Home Video,2
"Wong & Owens, Ex-Porn Stars",2
Barbara Walters Oscar Special,2
Prime Minister's Questions,2
Rant,2
Pharmacy,2
Xerox Assjet 790,2
Good Morning with Liza!,2
Lemon Glow,2
Monday Night Football,2
Dunkin' Donuts,2
Colin Quinn Explains The New York Times,2
The Weston Collection,2
Peter Pan,2
Southern Gals,2
Publishers Clearing House Giveaway,2
Tiger Beat's Ultra Super Duper Dreamy Love Show,2
Eye On The Olympics,2
Storytellers,2
Cowboys,2
T.G.I. Friday's,2
The Celine Dion Show,2
"""As Long As You Love Me""",2
"""Never Ever""",2
Oops! I Crapped My Pants,2
Maakies,2
KCF Shredders,2
Terry Ferguson for Senate,2
The History of Presidential Scandal,2
Cointreau for Congress,2
Mason in '98,2
Press Junket,2
Bachelor Party,2
Impeachment Hearings,2
Pimp Chat,2
Doing Voices,2
SportsCenter,2
Big Baby,2
Dreams,2
"""Special""",2
Love is a Dream,2
Weekend Update Highlights,2
Litter Critters,2
Three-Way,2
The Jim Gray Show,2
A Message from Donald Trump,2
Sex and the City,2
Hamburger Helper Antibacterial,2
Colonel Belmont's Old Fashioned Horse Glue,2
The Crocodile Hunter,2
priceline.com,2
Victoria's Secret,2
The All New Adventures of Mr. T,2
Office Flirt,2
Woodrow,2
Third Presidential Debate,2
Magic Mouth,2
Cracklin' Oat Flakes,2
Rap Street,2
Veronica & Co.,2
MTV Cribs,2
Nursing Home,2
Subshack,2
"""Yellow""",2
The Anatominals Show,2
Preparation H,2
The Little Mermaid,2
e.p.t,2
Birthday Party,2
Fiesta Politica,2
Loose Bear,2
CBS News Special Report,2
Inside Barbie's Dreamhouse,2
The Leather Man,2
Kotex Classic,2
The Ferey Mühtar Talk Show,2
Briefing,2
"""Without Me""",2
NRA,2
Nutri-Quick,2
Dr. Phil,2
Game Night,2
Stories,2
Tennis Talk,2
Global Century Investments,2
Second Time Around,2
Saddam & Osama,2
Pranksters,2
"""Times Like These""",2
106 & Park Top Ten Live,2
Don's Apothecary,2
Wine Tasting,2
The Sharon Osbourne Show,2
Cryogenix,2
Scheinwald Studios,2
Paparazzi,2
Golden Globe Awards,2
Preparation,2
Turlington's Lower Back Tattoo Remover,2
Hogwarts Academy,2
Rap Battle,2
Summertime,2
Campaign Stop,2
Trump Promo,2
Rap Night,2
"""Get Back""",2
The Lundford Twins Feel Good Variety Hour,2
Cat,2
me-Harmony.com,2
Grayson Moorhead Investments,2
The Oak Room,2
Voice Recording Blind Date,2
A Message from the Vice President,2
J.J. Casuals,2
Christmastime for the Jews,2
Spelling Bee,2
Porch Talk,2
Valtrex,2
Hip Hop Kids,2
Trump Press Conference,2
Staten Island Zoo,2
300,2
White House Press Conference,2
WIIX News,2
Tenant Meeting,2
Big Kids,2
Postseason 07,2
Halloween Party,2
annuale,2
Virgania Horsen's Hot Air Balloon Rides,2
Hillary for President,2
Activia Commercial Shoot,2
The Mellow Show,2
Jar Glove,2
Uno's,2
"""Mercy""",2
"""Spaceman""",2
Vincent Price's Halloween Special,2
QVC,2
"""Light On""",2
Gas Right,2
The Rachel Maddow Show,2
"""Maps""",2
Game Time With Randy And Greg,2
Carter N' Sons BBQ,2
China Press Conference,2
kickspit Underground Rock Festival,2
UPS,2
Eternal Spark of Love,2
Avatar,2
Closet Organizer,2
Court Stenographer,2
Broadview Security,2
"""Baby""",2
Mort Mort Feingold: Accountant For The Stars,2
i-sleep PRO,2
Baby Spanx,2
"""Radioactive""",2
Back To The Future 25th Anniversary DVD,2
American America,2
Royal Engagement,2
A Message From The Mayor,2
Corn Syrup Producers of America,2
The Best of Both Worlds,2
Bongo's Clown Room,2
Red Flag,2
Lord Wyndemere,2
it's Getting Freaky with Cee Lo Green!,2
"""Paradise""",2
We're Going To Make Technology Hump,2
Chantix (I),2
Romney: Believe In America,2
Bein' Quirky,2
Verizon (II),2
B108 FM,2
70's Album,2
Almost Pizza,2
Puppetry Class,2
Low-Information Voters Of America,2
Tres Equis,2
Loving Couple,2
Election Night,2
Ellen,2
Maine Justice,2
Pageant Audition,2
Verismo,2
Darrell's House,2
e-meth,2
Mornin' Miami,2
Spotlightz!,2
Animal Hospital,2
One Direction's #1 Fan,2
Now That's What I Call Christmas,2
A Christmas Carol,2
The Bird Bible,2
Murder Mystery,2
Blue River Dog Food,2
Forgotten TV Gems,2
Hollywood Game Night,2
How 2 Dance with Janelle,2
Calvin Klein Jeans (II),2
Cinderella,2
Brother 2 Brother,2
Spaceship,2
WrestleMania Promo,2
Game of Thrones,2
The Woodworkers Association Of America,2
Citizens Forum,2
Democratic Presidential Debate,2
Arons List,2
Settl,2
Santa and his Magical Elves,2
Republican Debate,2
Aladdin,2
Football Party,2
CNN Election Center,2
True Tales From The Sea,2
Shanice Goodwin: Ninja,2
Hallelujah,2
Posters,2
Dirty Talk,2
Good Day Denver,2
Pet Translator,2
Take Me Back,2
The House,2
Fresh Takes,2
A Visit With Santa,2
Thirsty Cops,2
Brothers,2
Tucker Carlson Tonight,2
Holiday Baking Championship,2
North Pole News Special Report,2
Uncle Meme,2
MasterClass Quarantine Edition,2
"""Lonely""",2
"Oops, You Did It Again",2
Justice w/Judge Jeanine,2
TikTok,2
Protective Mom,2
Lisa from Temecula,2
